-- phpMyAdmin SQL Dump
-- version 5.0.2
-- https://www.phpmyadmin.net/
--
-- Host: 127.0.0.1
-- Generation Time: Sep 03, 2020 at 06:09 PM
-- Server version: 10.4.11-MariaDB
-- PHP Version: 7.4.6

SET SQL_MODE = "NO_AUTO_VALUE_ON_ZERO";
START TRANSACTION;
SET time_zone = "+00:00";


/*!40101 SET @OLD_CHARACTER_SET_CLIENT=@@CHARACTER_SET_CLIENT */;
/*!40101 SET @OLD_CHARACTER_SET_RESULTS=@@CHARACTER_SET_RESULTS */;
/*!40101 SET @OLD_COLLATION_CONNECTION=@@COLLATION_CONNECTION */;
/*!40101 SET NAMES utf8mb4 */;

--
-- Database: `testfb`
--

-- --------------------------------------------------------

--
-- Table structure for table `category`
--

CREATE TABLE `category` (
  `category_id` int(20) NOT NULL,
  `category_name` varchar(255) NOT NULL,
  `category_image` text NOT NULL
) ENGINE=InnoDB DEFAULT CHARSET=utf8mb4;

--
-- Dumping data for table `category`
--

INSERT INTO `category` (`category_id`, `category_name`, `category_image`) VALUES
(1, 'Hair Care', 'https://baby-arabia.com/wp-content/uploads/2016/08/shutterstock_457580683-770x393.jpg'),
(2, 'Face Cleanser', 'https://www.dermstore.com/blog/wp-content/uploads/2018/03/030918-Body-Cleansing.jpg'),
(3, 'Face Cream', 'https://www.india.com/wp-content/uploads/2017/03/shutterstock_385055596.jpg'),
(4, 'Face Serum', 'https://www.lorealparisusa.com/~/media/images/lop/home/beauty-library/articles/reasons-to-use-serum/loreal-paris-bmag-article-what-is-a-face-serum-and-why-should-you-use-one-t.jpg?thn=0'),
(5, 'Face Toner', 'https://www.lorealparisusa.com/~/media/images/lop/home/beauty-library/articles/toner/loreal-paris-bmag-article-what-does-toner-do-and-how-do-you-use-it-d.jpg?thn=0'),
(6, 'Body', 'https://previews.123rf.com/images/milanmarkovic/milanmarkovic1504/milanmarkovic150400144/39336254-beautiful-young-woman-applying-body-lotion-.jpg'),
(7, 'Supplements', 'https://d2hy56m2o6qi9y.cloudfront.net/wp-content/uploads/2018/10/26194737/Screen-Shot-2018-10-09-at-5.05.18-PM-e1539090356997.png');

-- --------------------------------------------------------

--
-- Table structure for table `product`
--

CREATE TABLE `product` (
  `productId` int(20) NOT NULL,
  `productName` varchar(50) NOT NULL,
  `price` int(20) NOT NULL,
  `discount` int(20) NOT NULL DEFAULT 0,
  `description` text NOT NULL,
  `productClicks` int(20) NOT NULL DEFAULT 0,
  `productImage` text NOT NULL,
  `categoryId` int(11) NOT NULL
) ENGINE=InnoDB DEFAULT CHARSET=latin1;

--
-- Dumping data for table `product`
--

INSERT INTO `product` (`productId`, `productName`, `price`, `discount`, `description`, `productClicks`, `productImage`, `categoryId`) VALUES
(1, 'Legano Shampoo', 1600, 0, 'The special properties of the extract in the Lupinus clan from France.\nWhich rich of Glutaminated peptide, Oligoelement and Vitamins that is effective in stimulating hair growth, blood circulation under the scalp. As a result is the hair does not lack nutrients and oxygen. It also helps to reduce itching on the scalp and balance the hormone. When used on a daily basis hair will look lively, healthy & heavy. It reduces the problem of scalp and hair loss.', 13, 'https://static-01.daraz.com.np/p/3f3463ed9cdc8bc35288268be9856478.jpg_340x340q80.jpg_.webp', 1),
(2, 'Legano Tonic', 1000, 0, 'Legano Hair Tonic Spray reduces hair loss and accelerates regeneration, allowing the hair to shine black.\n\nSpecial formula spray from natural extracts.\n\nHair loss, hair loss, thin, weak, effective.\n\nAccelerate the regeneration of the hair black. Keeps old hair healthy, easy to fall off.\n\nExperience the first change that is felt.\n\nA new innovation of nourishing and repairing all hair and scalp problems with small molecules from the extracts of the Lupinus family. Extracted in the form of Hydrolyzed Lupine Protein rich in Clutaminated Peptied Oligoelement and vitamins to help restore the balance of the weak hair, not to fall easily dry, crumpled hard to break the weight with vitamins and minerals. intense Mix the mixture back to the strength does not fall easily. Reinforces the growth of hair cells, making hair grow faster than normal. Black, smooth, shiny and weighty to touch the first change in use. Small spray will deeply nourish from scalp to tip. Help fill the calcium to the hair. Helps to keep the hair healthy, moisture balance. To absorb the bacteria from the skin and hair to healthy hair from the base to the end. To use: After the mixing pool, then wash the hair thoroughly wipe the hair. Then spray the hair and scalp throughout the hair from the base to the tip. Massage your fingertips over your head gently and leave without rinsing. Frequently used as needed.', 1, 'https://i.ebayimg.com/images/g/hR8AAOSwBkRZ6BDk/s-l400.jpg', 1),
(3, 'Genive Tonic', 800, 0, 'The structure of tonic include: extracts of aloe vera and sweet white lupine oil, chamomile and other natural ingredients. This drug stimulates hair restoration, significantly reduces hair loss, strengthens hair roots and protects the scalp from dandruff and fungus. The drug accelerates the growth of new hair, strengthens the hair shaft, making hair stronger and more resistant to thinning. As well nourishes the hair tonic, makes them healthy. Stimulates cell metabolism in the roots of the hair and the production of keratin, which provides faster hair growth and density. Regular use of tonic moisturizes the scalp, it decreases its irritation. The drug is very effective and is used in hospitals in Thailand to treat baldness.      \nDirections:\nWash and dry your hair, apply a tonic to the scalp and massage for 5 minutes. Do not rinse off. Use twice daily, morning and evening. The course of treatment for at least 2 months, but the maximum effect is achieved when used within 4-5 months. ', 6, 'https://dadosh.com/wp-content/uploads/2019/09/Genive-Hair-Tonic-0-600x600.jpg', 1),
(4, 'Dexe Hair Lotion', 1000, 0, 'Dexe Anti Hair Loss Lotion is 100% effective in hair growth. It will stop hair fall just in 7 days. In 1-month, new hair will start growing. It has made of ginseng, rhizoma zingibers, lucid Ganoderma, and gastrodia elata. This lotion has the power of Hair Repair Treatments. As a result, It will grow the hair fast. This oil will make your hair thicker, longer, stronger, and beautiful. It erases dandruff from your hair. Above all, it has no side effects.', 0, 'https://static-01.daraz.com.bd/p/517cac937c37b5545d14eae2e0a5cd92.jpg', 1),
(5, 'Watsons Treatment Wax (Honey)', 1250, 0, 'Watsons repairing treatment wax honey for dry or permed hair. Enjoy a salon treatment for your hair at home.\r\n\r\nPlace of Origin\r\nThailand\r\n\r\nDirections\r\nAfter shampooing, towel dry hair to remove excess water. Massage a generous amount of treatment wax onto wet hair. Leave for 5-10 minutes then rinse thoroughly. For optimal results, use after shampooing with Watsons Honey Treatment Shampoo.\r\n\r\nIngredients\r\nAqua (water), Cetyl Alcohol, Cocamide MEA, Cetrimonium Chloride, Dimenthicone, Glycerin, Phenoxyethanol, Parfum (Fragrance), Mica, Citric Acid, Mel (Honey), Panthenol, Urea, Disodium phosphate, Hydrolyzed Wheat Protein, Sodium PCA, Biotin, Sodium Lactate, Arginine, Aspartic Acid, PCA, Hydrolyzed Wheat Starch, Glycine, Alanine, Serine, Valine, Potassium Sorbate, Isoleucine, Proline, Threonine, Histidine, Phenylalanine, CI 77891 (Titanium Dioxide)\r\n\r\nWarnings\r\nKeep out of reach of childeren. Avoid contact with eyes. If contact occurs, rinse immediately with water. If any irritation occurs, stop use and consult a doctor if necessary.\r\n\r\nHeight\r\n10cm\r\n\r\nWidth\r\n9.5cm\r\n\r\nDepth\r\n9.5cm', 0, 'https://www.watsons.com.sg/medias/Watsons-Repairing-Treatment-Wax-Honey-500ml-19383.jpg?context=bWFzdGVyfGZyb250L3pvb218NjU0NzV8aW1hZ2UvanBlZ3xmcm9udC96b29tLzg5MjM2NTc3MzIxMjYuanBnfDA2Y2E3MTc5OTk2N2MwMmY1YTI1YzRiZWU5ZTU1MGZlOWI3NDY2YjVjZGQyNGM4ZGU2ZDBlNTk0Mzk0YTY0NDQ', 1),
(6, 'Watsons Treatment Wax (Avocado)', 1250, 0, 'Watsons Conditioning treatment wax Avocado for Dry or Dull Hair. Enjoy salon treatment for your hair at home.\r\n\r\nPlace of Origin\r\nThailand\r\n\r\nDirections\r\nAfter shampooing, towel dry hair to remove excess water. Massage a generous amount of treatment wax onto wet hair. Leave for 5-10 minutes then rinse thoroughly. For optimal results, use after shampooing with Watsons Avocado Treatment Shampoo.\r\n\r\nIngredients\r\nAqua (water), Cetyl Alcohol, Cocamide MEA, Cetrimonium Chloride, Dimenthicone, Glycerin, Phenoxyethanol, Parfum (Fragrance), Mica, Citric Acid, Olea Europaea (Olive) Fruit Oil, Persea Gratissima (Avocado) Oil, Tocopheryl Acetate, Urea, Disodium phosphate, Sodium PCA, Biotin, Sodium Lactate, Arginine, Aspartic Acid, PCA, Glycine, Alanine, Serine, Valine, Isoleucine, Proline, Threonine, Histidine, Phenylalanine, Hexyl Cinnamal, Limonene, CI 77891 (Titanium Dioxide)\r\n\r\nWarnings\r\nKeep out of reach of childeren. Avoid contact with eyes. If contact occurs, rinse immediately with water. If any irritation occurs, stop use and consult a doctor if necessary.\r\n\r\nHeight\r\n10cm\r\n\r\nWidth\r\n9.5cm\r\n\r\nDepth\r\n9.5cm', 0, 'https://www.watsons.com.sg/medias/Watsons-Conditioning-Treatment-Wax-Avocado-500ml-19381.jpg?context=bWFzdGVyfGZyb250L3pvb218MTE2Mzc2fGltYWdlL2pwZWd8ZnJvbnQvem9vbS84OTI4MTkxNjc2NDQ2LmpwZ3xlMTk2ZjAwZmQzOTBhYTViYWMzNzczMzg2YmUyODQ2ZjViMDhkNDA1YWE4M2ExNTk0ODE2NzE0NmExZWU2N2Ez', 1),
(7, 'Watsons Treatment Shampoo (Milk Protein)', 750, 0, 'Enjoy salon treatment at home. Watsons Revitalising treatment wax Milk Protein for Brittle or Damaged Hair. Enjoy salon treatment for your hair at home.\r\n\r\nPlace of Origin\r\nThailand\r\n\r\nDirections\r\nApply to Wet Hair And Massage Into The Scalp. Rinse Thoroughly. For Optimal Results, Use With Watsons Milk Protein Treatment Wax\r\n\r\nKeep out of reach of children. Avoid contact with the eyes. If contact occurs rinse immediately with water. If any irritation occurs dicontinue use and consult a doctor if necessary.\r\n\r\nIngredients\r\nAqua; Sodium Laureth Sulfate; Cocamidopropyl Betaine; Sodium Chloride; phenoxyethanol; Acrylates Copolymer; Parfum; Dimethicone; Glycol; Distearate; Guar Hydroxypropyltrimonium Chloride; Disodium EDTA; Cocamide MEA; Laureth-10; PEG-55 Stearate; Laureth-4; Sodium Benzoate; Laureth-23; Magnesium Chloride; Magnesium Nitrate; tocopheryl Acetate; Methylchloroisothiazolinone; hydrolyzed milk protein; glycine; sodium citrate; Sodium hydroxide; sodium lactate; butylphenyl methylpropional; linalool; benzyl salicylate; alpha-isomethyl ionone; citronellol.', 0, 'https://cdn.shopify.com/s/files/1/2775/7420/products/TREATMENT_shampoo_400ml_Milk_Protein_front_1024x1024.jpg?v=1551235888', 1),
(8, 'Watsons Treatment Shampoo (Honey)', 750, 0, 'HONEY Repairing (Dry/ Permed Hair) Natural Honey: Repairing Pro-Vitamin B5: Soft & smooth Hydrolysed Wheat Protein: Nourishing\r\n\r\nPlace of Origin\r\nThailand\r\n\r\nDirections\r\nApply to wet hair and massage into the scalp. Rinse throughly.', 0, 'https://www.watsons.com.my/medias/Repairing-Honey-Treatment-Shampoo-400ml-87998.jpg?context=bWFzdGVyfGZyb250L3pvb218Nzg5MzJ8aW1hZ2UvanBlZ3xmcm9udC96b29tLzkwMjI2MzA5MjAyMjIuanBnfGVjZjRiY2VlMmY2N2NmNmI3NDU4MzE3ZjY2ZmYxNWYzNzY4YjY3ODJmNjYzMGRmMTE2NGQ0NWQ3MWQxNzg3Yzk', 1),
(9, 'Watsons Treatment Shampoo (Avocado)', 750, 0, 'Avocado: - Avocado Oil: Conditioning - Contains Conditioning Ingredients,leaving your hair deeply nourished,re-hydrated and beautifully soft. - Olive Oil: Nourishing - Vitamin E: Help improve split ends\r\n\r\nDirections\r\nApply to wet hair and massage into the scalp. Rinse throughly.', 0, 'https://www.watsons.com.my/medias/Avocado-Treatment-Shampoo-400ml-87997.jpg?context=bWFzdGVyfGZyb250L3pvb218NjY0NjZ8aW1hZ2UvanBlZ3xmcm9udC96b29tLzkwMjE1NjUwMDk5NTAuanBnfGM2N2YzMjM2NDUyYWM1NTJkMGUyYTJjOWVkMTA3OTRjYWEyMWY0NGRjMjkzNWJiYjc2N2Q1OTJkYTNlODQwMjk', 1),
(10, 'The Skin Hair Soap', 1500, 0, '[THE SKIN] Hair Soap - 100g\r\n\r\n[Description]\r\nHair soap for healthy scalp and thick & lush hair.\r\nThe Hair Soap removes skin waste and sebum clogging the pores in scalp which can be the cause of hair loss and odor.\r\nBy improving the health of the scalp, it generates healthier hair root, making an elastic hair.\r\nIt also supply abundant moisutre with its natural ingredients, making a lush hair.\r\n\r\n[How to use]\r\nWork up a rich lather with hands or by rubbing the Hair Soap on damp hair.\r\nGently massage with fingers from the center of the scalp.\r\nLeave on for 3-4 minutes in order to let the nutrients soak into the hair.\r\nRinse of throughly with lukewarm water.', 0, 'https://www.belieef.com/image/cache/main/theskin/theskin_500008-650x650.jpg', 1),
(11, 'Caring Hairfall ??? Mask', 650, 0, 'No Comment', 0, 'https://vignette.wikia.nocookie.net/earth279527/images/d/d6/The_Riddler.jpeg/revision/latest?cb=20190322151149', 1),
(12, 'Cathy Doll Acne Solution Foam Cleanser', 600, 0, 'This face wash helps your skin control oil and reduces acne outbreak also helps brighten your skin and reduces dark spot.\r\nCathy Doll Acne Solution Serum + Foam Cleanser 50ml is the latest product from Korea which mixes cleansing foam with tea tree serum.\r\nThis face wash helps your skin control oil and reduces acne outbreak. At the same time, it helps brighten your skin and reduces dark spot.\r\nCathy Doll Acne Solution Serum + Foam Cleanser is Dermatologist Tested.', 1, 'https://static-01.daraz.com.bd/p/deac036c26bcbccb8fd0569f75b6be7f.jpg', 2),
(13, 'Civic Whip White', 450, 0, 'CIVIC wants you to experience the novelty of washing your face. With \"Civic Whip White Perfect Foam\". This tube is\r\nfor anyone who faces it. This one will help control excess oil on the face as well. Mild fragrance Ready to go into deep cleaning More refreshing than ever', 1, 'https://static-01.shop.com.mm/p/c07a7187e520a498bac0653bcbcbdff3.jpg_340x340q80.jpg_.webp', 2),
(14, 'Civic Marsh Melon Facial Foam', 600, 0, 'CIVIC MARSH MELON FACIAL FOAM\r\n\r\n-Civic\'s deep cleansing foam with Japanese melon.\r\n-It helps to soft, bright, youthful and moisturized the skin.\r\n-A melon\'s scent also make you feel relaxed.', 0, 'https://makeupworldbd.com/makeup/include/storage/app/public/productphoto/2020-05-19-5ec3affa970c1.jpg', 2),
(15, 'Cathy Doll Snail Whip', 650, 0, 'Introducing the cushion cleanser with acne and dark spots reduction formula. The whip foam texture is elastic and comes with a net to allow you to enjoy mixing the cleanser to form the intense whip texture that is softer than other whip foam in general. The fine cushion texture will penetrate deep into the skin to cleanse off makeup and impurities as well as pollution and fats residues with its combination of Salicylic Acid that kills bacteria and cleanses deep into pores. With Snail Mucus extract, dark spots, red spots and scars are diminished and it also contains Tea Tree Oil to prevent the occurrence of inflamed acne to reveal supple, radiant and healthy skin. Acne Cleanser Acne reduction formula, clear skin without black marks A stretch foam whip that comes with a mesh that will allow you to enjoy whipping. It is a compact cleanser that provides a tight and soft foam over the whipped foam. Molecular details of the texture will go into deep cleaning, clear makeup, clean dirt, break up pollution, pay off grease with Salicylic Acid, kill bacteria and get rid of dirt in the pores completely. Combining the value of concentrated snail mucus reduces dark spots, redness and acne scars. With Tea Tree Oil to help control oiliness and prevent the occurrence of inflammatory acne, revealing soft, smooth, healthy skin How to use: Squeeze the whip foam texture onto the net in appropriate amount and mix until it turns into a soft texture. Apply the foam on your face and rinse off with clean water.', 0, 'https://images-na.ssl-images-amazon.com/images/I/51Z2hDKCKCL._SL1200_.jpg', 2),
(16, 'Facy Gold Mousse', 1000, 0, 'Facy Gold Pearl Mousse Facial Cleanser 80 g.\r\n\r\n            Soft and gentle mousse for washing from Facy contains gold and pearl powder, as well as herbal extracts and protein amino acids, moisturizing and smoothing dry, dehydrated skin. Mousse gently cleanses the face from contamination, smooths complexion, removes pigmentation. The smallest bubbles of mousse penetrate deeply and thoroughly cleanse the skin, penetrating into the pores, achieving perfect purity and radiance.As part of the mousse, gold powder, pearl powder, amino acids, soy proteins, extracts of Japanese ophiopoda and prickly pears. Gold and pearl extract promote deotexation of the skin, enhance blood circulation, improve skin color. The extract of the prickly pear helps accelerate the process of cell renewal, improve skin elasticity. Extract of Japanese ophiopoda keeps moisture in the skin, restores the natural healthy and radiance of the skin. The structure of \"bubbles\" and amino acids contribute to deep cleansing and bleaching of the skin.\r\nMousse is ideal for sensitive, dry and normal skin. After washing, there is no feeling of tightness, the skin is remarkably moisturized and in the summer there is no need for other moisturizing. For oily skin suitable for winter.\r\n\r\nHow to use : Squeeze the foam on the palm of the water droplets. Massage the hands into a circle until the foam texture becomes soft and smooth.\r\n\r\nIngredients : Deionized Water, Glycerine, Myristic Acid, Stearic Acid, Sodium Lauroyl Methyl Isethionate, Sodium Cocoyl Glycinate, Potassium Cocoul Glycinate Potassium Cocoyl Glycinate, Potassium Cocoate, Water, Lauric Acid, Glyceryl Stearate, Propylene Glycol, Polyquaternium-7, Pentylene Glycol, Fragrance, Mica, Polysorbate 20, Phenoxyethanol, Titanium Dioxide, Hydrolyzed Soy Protein, PEG-14 M, Pearl Powder, Chlorphenesin, Ophiopogon Japonicus Root Extract, Hydrolyzed Opuntia Ficus-Indica Flower Extract, Iron Oxide, PEG-90 M, Disodium EDTA, Gold Powder, Ethylhexylglycerin.', 0, 'https://shopythai.com/pub/media/catalog/product/cache/207e23213cf636ccdef205098cf3c8a3/f/a/facy_gold_mousse_facial_cleanser_100_g.jpg', 2),
(17, 'Jenita Botox Soap', 500, 0, 'Features\r\n\r\nDo you think your throat/chin looks more in age or Inactive Early Health?\r\nJenita Botox Soap helps make your chin as V-Shape, burning the fat of that area\r\nEliminates the impression of age\r\nEliminates the black spots around the eyes\r\nDecreases under-eye bags\r\nHelps recapture a youthful appearance\r\nRemove the acne, scars, black spots of the face, old stains, and unwanted black spots\r\nHelps tighten up your skin\r\nTightens hanging skin\r\nSpecifications\r\n\r\nAge Group: Adult\r\nBrand: Jenita\r\nType: Organic\r\nSize: 1 Box / 25 g.\r\nCountry/Region of Manufacture: Thailand\r\nUsage\r\n\r\nWashed regularly in the morning and evening', 0, 'https://beautyliven.com/75-large_default/jenita-botox-soap.jpg', 2),
(18, '(Re-turn)rx Soap', 500, 0, 'Buy SKINRx LAB Re-Turn moisturizing soap 80g online in Bangladesh from Cellsii.com. This is nourishing formulas designed to help protect your complexion from the harsh, environmental stressors that we encounter every day.\r\n\r\nKey benefits\r\n\r\nHelps to soothe irritation and enhance natural radiance\r\nEnriched with a naturally occurring compound found in medicinal Centella plants\r\nHelp restore the skin to be bright\r\nThis reduce acne marks\r\nReduce the blemish, freckles, dark spots, look fade, restore the skin\r\nNet weight 80g', 0, 'https://www.cellsii.com/images/detailed/22/SKINRx-LAB-Re-Turn-Moisturizing-Soap-Price-in-Bd.jpg', 2),
(19, 'Phichy Charcoal Soap', 500, 0, 'Charcoal ? Peachy Brand Tea Organic made from bamboo charcoal%~ a clear-skinned mask.', 0, 'https://th-test-11.slatic.net/p/dd2f56838008f8a57c921ea3fc15b882.jpg_340x340q80.jpg_.webp', 2),
(20, 'Coffee Scrub Collagen Soap', 450, 0, 'Gold Coffee Scrub Collagen Soap\r\n\r\nGold powder helps to restoring skin is firming.\r\nCoffee helps to detox chemical or toxins from pollution and reveal brighten skin.\r\nCollagen helps to Anti-aging your skin look younger.\r\n\r\nAnd It also helps to reduce cellulite the butt or thighs. Soap carefully selected natural ingredients 100%.\r\nEliminate acne pimple inflammation.\r\nhelp tighten pores.\r\nSkin smooth. Smooth from the first use.\r\nReduce freckles and dark spots.\r\nReduce cellulite, orange peel chicken skin cracks fade.\r\nScrub blood circulation as well.\r\nGlowing skin without drying\r\nGradual skin whitening natural.', 0, 'https://beautyliven.com/1138-large_default/gold-coffee-scrub-collagen-soap.jpg', 2),
(21, 'Alada', 450, 0, '\r\n*Usage : For Body: wash and leave for 3-5 minutes then rinse off. Use it not just in your face but in your whole body daily during bath time.', 0, 'https://www.ogerio.com/wp-content/uploads/2019/03/alada-600x600.jpg', 2),
(22, 'Madam White Rice Milk Argan Oil Soap', 900, 0, 'Product details of Madam White rice milk fast whitening soap\r\nMadam white rice milk argan oil soap\r\n160 g\r\nPhilippines formula\r\nMade in Thailand\r\nremove suntan\r\nremove spots\r\nbrightening\r\nglowing\r\nwhitening\r\n2 lac mg\r\nFDA Approve', 0, 'https://static-01.daraz.com.bd/p/1c20171d563ed1b840225363313191f0.jpg', 2),
(23, 'Snail White Soap', 500, 0, 'Whitening face and body\r\n10x Whitening\r\nremove dark spot\r\n70gm\r\nSnail White Soap Whitening skin face & Brightening Body Snail White Soap Plus Gluta Super Fast 10 Time Whitening. Peeling Dead Skin from properties in soap ingredients Glutathione and Snail mucin repair skin and soothing. Carefully selected nourishing vitamins. Used to see the real proof is in 7 days to see results.', 0, 'https://sc01.alicdn.com/kf/UTB8O7laBpfFXKJk43Otq6xIPFXak.jpg_350x350.jpg', 2),
(24, 'ViVi Skin Care Gold 24k', 600, 0, 'New from Thailand\r\nProduced by Perfect Skin Lady\r\n\r\nBenefits\r\nSkin Whitening\r\nSparkle like gold\r\nThe ultimate skin care\r\nReduce dull skin\r\nSuitable for all skin types\r\nNano serum texture \r\nCreate Collagen gel under skinNew from Thailand\r\nProduced by Perfect Skin Lady\r\n\r\nBenefits\r\nSkin Whitening\r\nSparkle like gold\r\nThe ultimate skin care\r\nReduce dull skin\r\nSuitable for all skin types\r\nNano serum texture \r\nCreate Collagen gel under skin', 0, 'https://dh.lnwfile.com/_/dh/_raw/zv/p8/xd.png', 2),
(25, 'Snail White Gold', 600, 0, 'Anti-aging cream formulated with special SNAIL SECRETION FILRATE, wheat extract, and Pure Gold (24K Lipobelle) which rebound signs of aging RESTORE and recharge for radiant skin DIMINISH visible wrinkles FULFILL moisture for firmer skin.\r\n\r\n \r\n\r\nProduct Details\r\n\r\nNAMU LIFE SNAILWHITE GOLD, Rebounding sign of aging cream for your youthful and healthy skin. Special with Snail Secretion Filtrate from Helix, the snail species from Spain which gives you a more youthful look by restoring skin’s natural fullness. It enriches with Micro-alga which is in the Polymer matrix, helps to fasten skin for firmer and reducing wrinkles. Extremely intensive with Ceramosides HP, give instant hydrate-replenishment and moisture to skin layer as apply it to the skin. When apply it on your face regularly, it will be plumped volume fill lines and revolumized skin matrix for brighter looking skin as a girlhood.\r\nWith 3 effective of rebounding sign of aging skin\r\n- ‘RESTORE’ the youthfulness\r\n- ‘DIMINISH’ visible wrinkles\r\n- ‘FULFILL’ moisture to skin layer\r\n \r\nPlace of Origin\r\nThailand\r\n\r\nFDA notification number\r\n10-1-6002091\r\n\r\nDirections\r\nApply 1-2 pump of Snailwhite all over your face day and night\r\n\r\nIngredients\r\nWATER,SNAIL SECRETION FILTRATE, BUTYLENR GLYCOL, PHENOXYETHANOL,BUTYROSPERMUM PARKII BUTTER, PROPANEDIOL,PENTYLENE GLYCOL,SIMMONDSIA CHINENSIS SEED OIL,CAPRYLIC/CAPRIC TRIGLYCERIDE,GLYCERIN,POLYGLYCERYL-6 DISTEARATE ,JOJOBA ESTERS ,POLYGLYCERYL-3 BEESWAX ,CETYL ALCOHOL,GLYCERYL STEARATE, PEG-100 STEARATE,SODIUM POLYACRYLATE , C13-14ISOPARAFFIN, LAURETH-7,STEARIC ACID,ALCOHOL , ACMELLA OLERACEA EXTRACT, MALVA SYLVESTRIS EXTRACT, ALCHEMILLA VULGARIS EXTRACT, MELISSA OFFICINALIS LEAF EXTRACT , MENTHA PIPERITA LEAF EXTRACT , VERONICA OFFICINALIS EXTRACT, ACHILLEA MILLEFOLIUM EXTRACT, PRIMULA VERIS EXTRACT, SODIUM HYDROXIDE,CI 19140 ,CHLORPHENESIN, TITANIUM DIOXIDE,CI 15985,SODIUM HYALURONATE,DIPOTASSIUM GLYCYRRHIZATE, Hydroxypropyl Methylcellulose, Pullulan, Porphyridium Cruentum Extract,alpha-arbutin,fragrance,PEG-90M,Lecithin ,Colloidal Gold,Glycosphingolipids, Glycolipids,Perfluorohexane , Perfluoroperhydrophenanthrene, Perfluorodecalin , Perfluorodimethylcyclohexane, ROYAL JELLY EXTRACT, ALUMINA,polyhydroxystearic acid', 0, 'https://shopythai.com/pub/media/catalog/product/cache/207e23213cf636ccdef205098cf3c8a3/s/-/s-l1600_1_5.jpg', 2),
(26, '4k Plus', 1200, 20, 'Product details of 4K Plus Whitening Night Cream\r\nNatural appearance by making up to 5 sheds.\r\nReduces the appearance of the age.\r\nRemoves any skin spots.\r\nSkin moisturizing.\r\nDark Circle Removal.\r\nTighten the skin.\r\nRemove acne and acne scars.\r\nReduce the age of your look and fill the look of your appearance. Your appearance will radically change the age and age of the stain while using 4k plus to sleep. It is made of himalayan salt or pink salt, which removes acne, stains on your skin, and moisturizing the skin smoothly. It has the help of (syn ake) swiss technology, helps reduce the losses. It has more Tibetan snow lotus or kefir which helps to bring back moisturizing. 4K plus whitening night cream: Before going to sleep at night, first clean your skin.', 1, 'https://images-na.ssl-images-amazon.com/images/I/417UZVPz4KL._SY355_.jpg', 3),
(27, 'Berry Plus', 1500, 20, 'Berry Plus Extra Whitening Cream\r\n\r\nIf you\'ve been using a 4K skin whitening cream, you can\'t miss this new product, the company launched a new line of Berry Plus Extra Whitening Creams with berries (blackberries, blueberries, red raspberry, blueberry, black blueberry).\r\n\r\nThe common characteristics of these berries are that they contain lots of antioxidants to help strengthen our skin and protect it against free radicals that inhibit melanin pigment formation that causes freckles and Black spots, which have natural antiseptic properties that are safe for your skin.\r\n\r\n\r\nSpecific uses of berries in ice cream:\r\n\r\n\r\nBlackberry: Black raspberry helps absorb excess oil and makes skin bright while maintaining essential moisture. Early Europeans used raspberries to help retain skin moisture during cold and dry months with soothing and moisturizing anti-inflammatory function, in addition to Hull blackberry extract (HBE) with antioxidant activity , powerful anti-coagulation and anti-inflammatory properties that can treat or prevent cancer or other inflammatory diseases.\r\n\r\n\r\nBlueberry: Blueberry is one of the most nutritious super fruits in the world. With vitamins A, C and E all of which promote cell change, it also contains resveratrol, which can help prevent acne while preventing sun damage and aging. Blueberries are also rich in something called anthocyanins, an antioxidant-like substance that helps repair damaged skin and promotes positive growth, and Gallic Acid can help reduce sun damage. , including dryness and wrinkles.\r\n\r\n\r\nRasberry - Red raspberry has regenerating, restoring and anti-inflammatory properties to help firm skin.\r\n\r\n\r\nCranberry - Blueberry is rich in minerals and vitamins. It slows down aging over time and brightens the skin, and restores skin elasticity.\r\n\r\nThe cream helps maintain skin elasticity, boost metabolism and eliminate toxins.\r\n\r\n\r\nBilberry: Blueberries are purifying, firming and nourishing, plus they contain lots of antioxidants to help strengthen the skin and protect it against free radicals. Bilberry is a skin hydrating and antiseptic that effectively heals acne-prone skin.', 2, 'https://beautyliven.com/321-large_default/berry-plus-extra-whitening-cream.jpg', 3),
(28, 'Namu Life Snail White (Day)', 3800, 20, 'Our innovative moisturizing facial cream with SPF 20 PA+++ is formulated with collagen from snail secretion filtrate. This helps to regenerate the skin for a naturally healthy complexion. It is enriched with Soliberine extracts from Butterfly Bush which helps to protect the skin from UVA, UVB, infrared and blue light, the cause of dull skin, dark spots, and premature wrinkles. NAMU LIFE SNAILWHITE DAY CREAM combines both skin treatment and protection in one.', 2, 'https://www.dodaydream.com/storage/product/skin-restoration/Snail-white-Day-Cream-.png', 3),
(29, 'Namu Life Snail White (Night)', 3800, 20, 'Night facial mask cream formulated with special SNAIL SECRETION FILRATE and GINSENG EXTRACT (Actostem Ginelixir) which help restore for healthier and brighter skin soft and hydrated youthfullooking skin reduce visible wrinkle, tighter and firmer skin.\r\n\r\n \r\n\r\nProduct Details\r\n\r\nNAMU LIFE SNAILWHITE OVERNIGHT FIRMING MASK, the sleeping facemask with concentrated natural essence, which can restore elasticity to the skin and make it firmer. Bulbine Frutescens Extract restores the balance of collagen production, maintaining the skin youthful look. The formula with other powerful active ingredients includes:\r\n• Acts as a sheild to lock in moisture, to combat dryness.\r\n• Stimulates blood circulation, giving the skin a healthy glow.\r\n• Adjusts uneven skin tone, lightens dark spots on the skin.\r\n• Helps skin absorb nutrients more efficiently.\r\nSNAILWHITE’s base formula also contains essential protein and vitamins to help damaged skin regenerate and become healthy again. NAMU LIFE SNAILWHITE OVERNIGHT FIRMING MASK repairs and revitalizes the skin as you sleep, waking up looking fresh, young and radiant.\r\n \r\nPlace of Origin\r\nThailand\r\n\r\nFDA notification number\r\n10-1-6006229\r\n\r\nDirections\r\nUsed 1-2 times per week or more as preferred frequency \r\n\r\nIngredients\r\nWATER, C15-19ALKANE, STEARIC ACID, ARACHIDYL ALCOHOL, BEHENYL ALCOHOL, ARACHIDYL GLUCOSIDE, HYDROXYETHYL ACRYLATE/SODIUM ACRYLOYLDIMETHYL TAURATE COPOLYMER, GLYCERIN, BUTYROSPERMUM PARKII BUTTER, ISONONYL ISONONANOATE, NIACINAMIDE, PHENOXYETHANOL, CHLORPHENESIN, HYDROGENATED MYRISTYL OLIVE ESTERS, SNAIL SECRETION FILTRATE, BUTYLENE GLYCOL, HYDROXYPROPYL METHYL CELLULOSE, PULLULAN, PORPHYRIDIUM CRUENTUM EXTRACT, ACACIA SENEGAL GUM , XANTHAN GUM,HAMAMELIS VIRGINIANA LEAF WATER, FRAGRANCE, TRIETHANOLAMINE, CAPRYLIC/CAPRICTRIGLYCERIDE, CENTELLA ASIATICA EXTRACT, HYDROGENATED LECITHIN, CHOLESTEROL, PROPYLENE GLYCOL, FRAGARIA VESCA (STRAWBERRY) FRUIT EXTRACT, MORUS NIGRA FRUIT EXTRACT, RUBUS IDAEUS (RASPBERRY) FRUIT EXTRACT, PRUNUS AVIUM (SWEET CHERRY) FRUIT EXTRACT, DEOXYPHYTANTRIYL PALMITAMIDE MEA, CERAMIDE 3, OPUNTIA FICUS-INDICA STEM EXTRACT, MAGNESIUM ASPARTATE , ZINC GLUCONATE , COPPER GLUCONATE , CALCIUM GLUCONATE, PANAX GINSENG CALLUS CULTURE EXTRACT, BISABOLOL, ZINGIBER OFFICINALE ROOT EXTRACT', 0, 'https://d2pa5gi5n2e1an.cloudfront.net/global/images/product/beauty/NAMU_LIFE_SNAILWHITE_Facial_Cream/NAMU_LIFE_SNAILWHITE_Facial_Cream_L_1.jpg', 3),
(30, 'Kim Pearl', 500, 0, '? Brand Name : KIM\r\n? Type : Fairness Cream\r\n? Weight : 20 G\r\n? Country of origin : Thailand\r\n? Imported by : BizEx Bangladesh\r\n? Ingredient: Snow Lotus, Pearl, Latinal, AHA\r\n? Formulation: Natural Vitamins & Minerals\r\n? Concerns: Age Spots, Pimple, Freckles\r\n? Gender : Unisex', 0, 'https://www.shoppersbd.com/media/catalog/product/cache/1/thumbnail/9df78eab33525d08d6e5fb8d27136e95/k/i/kim_whitening_snowlotus_3.jpg', 3),
(31, 'Kim Pearl & Collagen', 600, 0, '* Skin Whitening & Lightening (Face and body)\r\n* Skin Brightening\r\n* Soften and Moisturize the Skin\r\n* Pimple and Spot Removing\r\n* Anti Wrinkles & Fine Lines Treatment\r\n* Treating Acne, Scars & Pigmentation\r\n* Skin Smoothing\r\n* Pore Shrinking\r\n* Reduce Skin Damage from UV Rays\r\n* Excellent Spot Concealer Before Foundation- Conceal all Red Skin Spots,nAcne, Blemich, Scar..\r\n* Translucent Green, Blends right into Skin\r\n\r\nThis Cream is The best For :\r\n\r\n1.Whitening.\r\n2.Softening.\r\n3.Pimple & Spot removing.\r\n4.Moisturizing.\r\n5.Intensive Anti-wrinkles-treatment\r\nIngredients : Aloe Vela, Pearl, Vitamin E, Latinal, AHA.\r\n\r\nDirection : Wash your face. Everytime before putting make-up, in morning and before going to bed, rub the whitening pearl and Collagen cream throughout your entire and neck.', 0, 'https://images-na.ssl-images-amazon.com/images/I/41oCqjaYpyL.jpg', 3),
(32, 'Kim Pearl & Ginseng', 500, 0, 'Fairness Cream\r\nDaily solution to target the different\r\nFine Wrinkles\r\nCan be used as foundation cream, before make up your face prevent acne, Freckles, Melasma and dark spots from recurring\r\nThis cream is the best for Whitening, Softening, Pimple & Spot removing, moisturizing, Intensive Anti-wrinkles treatment\r\nSmoothens Complexion\r\nIngredient: Ginseng, Pearl, Vitamin E, Latinal, AHA\r\n\r\nNet weight 20g\r\n\r\nHow to use\r\nWash your face Every time before going to bed, rub the whitening pearl and snowlotus cream throughout your entire face.', 0, 'https://makeupworldbd.com/makeup/include/storage/app/public/productphoto/2020-05-19-5ec38d8a98321.jpg', 3),
(33, 'Baby Carrot Cream', 1200, 0, 'Controls on the face. Rejuvenate the skin to be healthy and look healthy with good skin. Observe the people who have used. I feel that the skin is healthy. It does not include the main extract of more than 10 species and the secondary is the extract of pure tomato cream carrot used white. Skin does not irritate. \r\n\r\nAntioxidants help to get rid of acne. Do not disturb the skin too much.   \r\n\r\n? Restore dark skin, lack of maintenance. \r\n\r\n? Protects skin from free radicals \r\n\r\n? Tighten pores, reduce clogged. \r\n\r\n? Reduce the problem of acne. \r\n\r\n? Turn old skin cells and create a radiant skin. \r\n\r\n? Reduce the melanin pigment. \r\n\r\n? Reduce dark spots to fade. \r\n\r\n? Reduce the darkness of the sun. \r\n\r\n? Skin smooth and clear. \r\n\r\n? Moisturizing Restores youthful skin.    \r\n\r\n? Direction : Apply cream on face morning n before bedtime.', 0, 'https://beautyliven.com/1130-large_default/baby-carrot-cream-.jpg', 3),
(34, 'Hiyady Cream (Day)', 1600, 20, 'Another level of skin care in one step Special with pure platinum extract, enriched with 12 minerals that are effective against free radicals. With glutathione glutathione extract for radiance Skin looks healthy\r\nWhen working with Alloa Glutathione That acts to stimulate the skin to be flexible, like exercise for the skin Thus making the skin strong More than the word white\r\nBy allowing the skin to look pink and white With anti-oxidant agents that are mixed in the cream perfectly with spf60, 60 times the sun protection, protect the skin from pollution, reduce blemishes, freckles, dark spots, reveal white skin, clear, without wrinkles, look younger\r\nImportant components White Gold, Micronzed Tio2, Nano Zinc cote, Volaatle oil Cyclomethicone, Centellasiatica, Gum Arabic, Cellulose, UV Protector Eurolex, Lanolin, Revitazed Grader Water Rosa Multiflora Fruit Extract, Diamond Powder\r\nHow to use the cream, hayadi, day cream, money box, day cream Apply the cream onto the face 15 minutes before sun exposure.', 0, 'https://sc01.alicdn.com/kf/HTB1ZhtXOXXXXXXWXFXXq6xXFXXXC.jpg', 3),
(35, 'Hiyady Cream (Night)', 1600, 20, 'Skincare Specialist. Performance of the combining of the extract used to silk PDO is like molten gold extracted from the substance Hyalulonic-Filler. Help fill deep wrinkles of the skin immediately after use.\r\nSkin with signs of aging on the skin creases on the forehead. Not tighten flabby skin. Just like cream. The cream will gradually seep into the skin and into the beds of collagen under the skin. Filled trenches of the skin to wake up.\r\n\r\nSkin look smooth and uniform. Wrinkles look shallower. Wrinkle reduction. Skin smooth and immediate and continuous use on a regular basis to look deeper wrinkles reduced up to 85 % reduction in the appearance of dark spots, freckles and skin than white skin.', 0, 'https://www.ubuy.co.th/productimg/?image=aHR0cHM6Ly9pbWFnZXMtbmEuc3NsLWltYWdlcy1hbWF6b24uY29tL2ltYWdlcy9JLzUxenVUYnJpUWJMLl9TUzQwMF8uanBn.jpg', 3),
(36, 'Alike Kojic Acid Cream', 850, 0, 'Main Ingredient	Algae Extract,Kojic Acid,Camellia Sinensis Leaf Extract,Crocus Sativus Flower Extract,Oleyl Alcohol,Glycerin,Kojic Acid,Cassia Mimosoides Extract,Coffea Arabica Seed Extract,Echinacea Angustifolia Leaf Extract,Gentiana Lutea Root Extract\r\nEffect	Enriched with whitening kojic acid and anti-oxidant ingredients provide high-index UV protection to the skin, protecting the skin from UVB, inhibiting the growth of melanin at the best time. Making skin radiant and white as the new sprout.\r\nHow to use	Spread evenly over face and neck in upward circular motion until cream is absorbed, Avoid eye touched', 0, 'https://apsarah.com/wp-content/uploads/2020/07/Original-Alike-Kojic-Acid-Day-Night-Cream-price-in-Bangladesh-bd.jpg', 3),
(37, 'Kineza Pekas', 1000, 0, '15g with SPF 50\n\n% SAFE and EFFECTIVE\n\nNo. 1 Solution to your PEKAS Problem\n\"Artista Skin in A matter of Days!!!\" \n\n? Remove Precles\n? Remove Melasma \n? It Helps to Balance Skin Discoloration / skin Tone\n? It Helps to Whiten Your Skin\n? Helps to Protect your Skin For Damage caused by over sun exposure\n\nHOW TO USE\n??Wash your Face with Your Favorite Soap, Drey it with a clean towel, put small amount of Kineza pekas Cream on your Face then let it Dry. \n', 0, 'https://ph-test-11.slatic.net/p/219433914b51c7a0c663a40d10450800.jpg_720x720q80.jpg_.webp', 3),
(38, 'Kineza Eyebag Cream', 850, 0, 'KINEZA BEAUTY ESSENTIALS | EYEBAG CREAM\r\nContent : 15g\r\n\r\n- Eyebags?\r\n- Puffy eyes?\r\n- Haggard?\r\n- Stressed?\r\n- Wrinkles?\r\n\r\nDahil araw araw natin ginagamit ang ating mga mata sa lahat ng ginagawa natin. It’s now time to treat our eyes with the new and super affordable Eyebag Cream ?\r\n\r\nEyebag Cream Benefits:\r\n?? Anti Puffy Eyes\r\n?? Eyebag Remover\r\n?? Hydrates the Eyes\r\n?? Helps to remove Wrinkles\r\n\r\nOur Eyebag Cream gives a refreshing mini massage as you apply. Hydrating and brightening, it opens up puffy morning eyes instantly. ?\r\n\r\nWake up with lifted, refreshed & younger-looking.', 0, 'https://ph-test-11.slatic.net/p/5179a73e292706d5abce4ca71b50736a.jpg', 3),
(39, 'Cathy Doll Rose Me Sleeping Mask', 2000, 10, 'Beautiful face over night with Bulgarian rose mask\r\n\r\nFace smooth, beautiful, healthy, overnight With a sleep mask containing Bulgarian rose extracts With a fresh scent Delivers deep moisture to the skin. And helps reduce wrinkles Revitalize the skin ', 0, 'https://ml6g1opvxcet.i.optimole.com/QBXDTTc.Bs20~10d5f/w:auto/h:auto/q:90/https://www.mishumart.com/wp-content/uploads/2020/04/CATHY-DOLL-ROSE-ME-ROSE-SLEEPING-MASK-02.jpg', 3),
(40, 'Cathy Doll 2 in 1 Honey Gold Mask', 2000, 20, 'Cathy Doll 2 in 1 Snail Honey Ginseng With Gold Sleeping Serum 70 g.\r\n            2 in 1 Snail Honey Ginseng with Gold Sleeping Serum Mask, Sleeping Mask that combines the best of 4 natural powers into one, giving your skin a youth replenishing treatment overnight,while at the same time reviving all 4 skin problem; blemish removing, skin tightening, anti-aging, and skin tone balancing. This formula has the perfect combination of these natural serum; Snail Mucus Serum, Selected Honey Serum, Intensive Ginseng Extract Serum, and Pure Gold Serum.\r\nHow to Use : Squeeze an appropriate amount of the cream. Apply it all over the face and neck area for bedtime without rinsing off.\r\nIngredients : Water, Glycerin, Diproylene Glycol, Thehalose, Carbomer, Arginine, Phenoxyethanol, Octyldodeceth-16, Caprylyl Glycol, Peg-60 Hydrogenated Castor Oil, Sodium Polyacrylate, Allantoin, Ethylhexylglycerin, Fragrance, Caramel, Disodium Edta, Dipotassium Glycyrrhizate, Ci 14700, Butylene Glycol, Panax Ginseng root Extract, Snail Secretion Filtrate, Ci 14700, Butylene Glycol.\r\n4 Nutrients for youthful skin, the secret recipe of Korean Court Lady.\r\nConcentrated Wild Honey Rare wild honey with concentrated nutrients and sweet scent is specially selected to nourish the skin for the ultimate softness.\r\nPure Gold A valuable Gold is precisely pressed into thin sheets to enhance absorption for intense nourishment, leaving you with firm and childlike skin.\r\nAuthentic Korean  Ginseng Ginseng is specially selected from its origin and passed through the process of cold press to achieve the concentrated Korean Ginseng Juice that is packed with nutrients for improving the skin from the inside.\r\nWild Snail Mucus Snail Mucus extracted from wild snail is filled with pure and intense moisture to help provide brightness to the skin.\r\nNet wt : 70 g.', 0, 'https://cathy-doll-beauty.website/wp-content/uploads/2019/04/8858842043509.jpg', 3),
(41, 'Cathy Doll Aloda Memory Cream', 1600, 10, 'Cathy Doll AloeHa Fresh Aloe Vera Memory Cream 50 g.\r\n         \r\n            Restore plump appearance to the skin while nourishing it with Fresh Aloe Vera Memory cream. The cream is gentle to the skin as it features Memory Cream innovation that quickly reverts to its original shape and also plump up the skin rapidly. It comes with highly concentrated, lightweight and easy-to-blend texture and also infused with 83% natural Aloe Vera that helps in skin restoration, locking-in moisture and continuously dispersing moisture to the skin, especially dry and rough areas. Reveal naturally radiant and plump complexion after using this cream.\r\n\r\nHow to Use : Take an appropriate amount of the cream onto your palm and apply all over your face and neck in circular motion until completely absorbed. This cream can be applied as frequent as desired, especially on dry areas that requires soothing. For better result, use daily.\r\n\r\nIngredients : Aloe Barbadensis leaf extract, Propanediol, Water, Cetyl  Ethylhexanoate, Phenoxyethanol, PEG-240/HDI Copolymer Bis-Decyltetradeceth-20 Ether, Cyclopentasiloxane, Disodium EDTA, Sodium Hyaluronate, Glycerin, Ethylhexylglycerin, Biosaccharide GUM-1, Boron Nitride, Cetearyl Olivate, Sorbitan Olivate, Hydroxyethyl Acrylate/Sodium Acryloyldimethyl Taurate Copolymer, Soualane, Polysorbate 60, Sorbitan Isostearate, Ethylhexyl Methoxycinnamate, Panthenol,  Trehalose, Parfum, Tocopheryl Acftate, Epliobium Angustifolium  Flower/Leaf/Stem Extract,  Sodium Metabisulfite, Salvia Officinalis Leaf Extract, Camellia Japonica Flower Extract, Melaleuca Alternifolia Leaf Extract, Butylene Glycol, CI 19140, CI 42090.\r\n \r\nNet Wt : 50 g.', 0, 'https://i.ebayimg.com/images/g/9ggAAOSwzL9eHGj3/s-l1600.jpg', 3),
(42, 'Namu Life Snail White Serum', 4500, 10, 'The serum energizes your skin cells while you slumber, delivering natural glow and radiance to your skin overnight. Intensive nourishment serum with SNAIL SECRETION FILTRATE and GIGAWHITE extracted from 7 Alpine queens of beauty which help restore and repair your skin.\r\nHow to use : Apply onto face (before apply cream)\r\nSkin type : All skin type\r\n• Healthier brighter and firmer skin\r\n• Reduce melasma, freckles and dark spots\r\n• Smoother skin and tighter pores', 0, 'https://www.products-thai.com/309/snail-white-namu-life-miracle-serum-30ml.jpg', 4),
(43, 'Mabox Vitamin C', 1800, 0, '? Stimulate collagen and reduce fine lines and wrinkles\r\n? Brighten and smooth skin for a more radiant and youthful complexion\r\n? Helped to shrink pores, clear up acne, prevent breakouts, and minimize the appearance of acne scars\r\n? Use only the best, plant-based ingredients available, with no parabens, no alcohol, and no animal testing\r\n? Powerful antioxidants neutralize free radicals to prevent and reverse sun damage and fade sun spots and discoloration', 0, 'https://images-na.ssl-images-amazon.com/images/I/41z%2BjxDxgEL._AC_SY400_.jpg', 4),
(44, 'Seoul Organic Aloe', 750, 10, 'Facial Serum Contains 100% organic aloe vera extract, and Sodium Hyaluronate has outstanding properties to gently soothe the skin. Reduce irritation Protect skin from dullness, freckles, dark spots and help retain moisture the skin to soften, not dry.\n\n Property :\n\n- Reduce inflammatory that cause all type acne,  papule acne, clogged acne\n\n- Red spots & Black spots from acne\n\n- Preventing freckles\n\n- Face skin that easy allergic, can to used\n\n- Pregnant women 100% can used', 0, 'https://i.ebayimg.com/images/g/66sAAOSwDwJdHM9h/s-l300.jpg', 4),
(45, 'Brightening Gold Essence', 600, 0, 'Key benefits\r\n\r\nTo help increase skin cell life to help slow down collagen and elastin depletion\r\nProliferation of new cells, increased skin elasticity, Helps skin smooth and youthful skin, minimize wrinkles\r\nThe skin maintain moisture, retain smoothness and radiance\r\nEspecially reducing pigmentation, skin lightening\r\nThe cause of the skin pigmentation, freckles, help the skin brighter\r\nSkin whitening serum helps reduce dark spots and pigmentation', 0, 'https://www.cellsii.com/images/product%20image/January%202020/Koelcia-24k-gold-whitening-Essence-price-in-bd.jpg1.jpg', 4),
(46, 'Alpha Arbutin 3 Plus Collagen', 650, 0, 'It\'s Whitening Serum to reduce dark spots, freckles deep with Alpha-Arbutin extract from nature to fully serve the skin. Skin rejuvenation Whitens the skin. Skin rejuvenation and renewal Create a skin shield. Gives a naturally radiant skin.\r\n\r\nEliminate wrinkles freckles Black spots\r\n\r\nThe New skin whitening clear\r\n\r\nBrighten up the skin cells\r\n\r\nHelps The skin is White and smooth\r\n\r\nSkin rejuvenation and renewal\r\n\r\nCreate a skin shield', 0, 'https://beautyliven.com/116-large_default/alpha-arbutin-3-plus-collagen-serum.jpg', 4),
(47, 'Clothes Of Skin Essence', 1000, 0, 'Lavender Skin Essential 100% Natural and Repairs Damaged skin\r\nIt also heals up stubborn scars from wounds and Removes Stretch marks\r\nKnife Stabs scar and does other effective skin\r\nIt equally Removes mark from the skin caused by childbirth and rejuvenates the skin by healing it back to its young-looking form. \r\nMethods of use: Take a small amount of scar removal oil, the essential point 2-3 drops in the palm, easy to use, the essential oil of uniform point affected part, gently massage. Massage until absorbed.', 0, 'https://cdn.shopify.com/s/files/1/1276/5395/products/lavender5_1024x1024.jpg?', 4),
(48, 'Esmee Turmeric Serum', 650, 0, 'Description :\r\nTurmeric Innovation Serum White With 100% turmeric extract.\r\n– no alcohol\r\n– free of perfume\r\n– A gentle formula to the skin.\r\n\r\nHelps to whiten the skin perfectly. Skin care, dark spots, acne, blemishes, moisturize the skin smooth and soft touch.', 0, 'https://dadosh.com/wp-content/uploads/2019/08/whitening-product-14.jpg', 4),
(49, 'Some By Mi Red Teatree Cicassoside', 1500, 0, 'Dermatologically proven to be suitable for hypersensitive and acne-prone skin, this sub-acidic PHA formula serum contains red tea tree extract and patented Cicassocide to soothe skin, reduce redness and gently exfoliate dead skin cells.', 0, 'https://skincarebd.com/wp-content/uploads/2020/06/ezgif-4-88084b55ef27.jpg', 4),
(50, 'Some By Mi Miracle Serum', 1500, 0, 'Benefits:\r\n\r\nHighly concentrated tea tree serum that changes the condition of your skin in just 30 days!\r\n\r\nActively soothes and calms irritated, damaged skin.\r\n\r\nDiminishes the appearance of blemishes.\r\n\r\nRemoves stubborn dead skin cells.\r\n\r\nShrinks pore size for a smooth complexion.\r\n\r\nAHA sloughs off dead cells and impurities on the skin\'s surface. BHA removes impurities and sebum inside pores. PHA prevents moisture loss.\r\n\r\nDermatologically tested.', 0, 'https://www.yesstyle.com/blog/wp-content/uploads/2018/12/miracle_5.jpg', 4),
(51, 'Some By Mi Yuja Niacin Serum', 1500, 0, 'A serum containing Yuzu extract and niacinamide to diminish the appearance of blemishes in 30 days.\r\nA dual functional product: Whitening + Anti-wrinkle.\r\nContains 82% of Korean Yuja Extract for brightening and moisturising.\r\nWith 5% of Niacinamide to brighten up skin.\r\nPrevents the forming of melanin with Glutathione and Arbutin.\r\nRevitalises dull skin and ease off skin stress with 12 types of Vitamins.\r\nIt lightweight texture let skin absorb easily and leaves skin without sticky feeling.', 0, 'https://images-na.ssl-images-amazon.com/images/I/31kSVFLsc5L.jpg', 4),
(52, 'Some By Mi Snail True Serum', 1500, 0, 'Multifunctional serum brightens skin while also combating signs of aging! Its formula is enriched with snail mucin to help regenerate skin cells while Truecica soothes skin and refines its texture.\r\n\r\nBenefits:\r\n\r\nA dual functional product: Whitening + Anti-wrinkle. Contains 890,000ppm of Snail Truecica™ which consists of Black Snail Extract and Truecica™. Helps for skin regeneration to repair skin damage with Black Snail Extract. Soothes skin and reinforces skin barrier with Truecica™. Removes blemishes and scar with a non-sticky finish. Free of 20 harmful ingredients. Passes skin irritation test.', 0, 'https://file.hstatic.net/1000006063/file/207_7ff5549a75514b51834744fe9991e063_master.jpg', 4),
(53, 'Kojic Serum', 650, 0, 'Kojic Serum is a powerful skincare product that will penetrate the deepest layers of your skin, leaving the skin feeling plump, radiant, glowing. It helps to remove black spots on the skin. This Kojic serum will make the skin smooth and Nourishing. Kojic serum will keep your skin tighter. the ingredients of kojic serum Protect the skin from damaging the sun UV. the Depth of this serum will protect the moisture.', 0, 'https://beautyliven.com/506-thickbox_default/kojic-serum-intensive-skin-whitening-and-brightening-power.jpg', 3),
(54, 'Cathy Doll Sunscream (ml-138)', 1000, 0, 'Skin Whitening\r\nWaterproof\r\nSkin Moisturizing\r\nSun Protection\r\nPore Tightening\r\nAll-in-one moisturizing hydration, sunscreen protection and heat-warding product especially for you.', 0, 'https://cdn.beautyboothqa.com/media/7NhjhNSNNwVMSwSgA3iHDfgEVa9v01TtisY14IWY.jpeg', 3),
(55, 'Cathy Doll Sunscream (ml-60)', 650, 0, 'Skin Whitening\r\nWaterproof\r\nSkin Moisturizing\r\nSun Protection\r\nPore Tightening\r\nAll-in-one moisturizing hydration, sunscreen protection and heat-warding product especially for you.', 0, 'https://s3-ap-southeast-1.amazonaws.com/media.evaly.com.bd/media/images/8acc85b71d38-60ml.png', 4),
(56, 'Snail Gluta Serum', 850, 0, 'Benefits:\nWhitens and smoothens face\nReduces appearance of fine lines\nEliminates dark spots\nTightens pores\nAnti-Aging properties:\nSuper active concentrated serum that deeply absorbs by your skin whitening skin and moisturizes skin at the same time with snail mucus extracts that is known to keep your skin healthy and glowing', 0, 'https://cdn.shopify.com/s/files/1/0267/4963/2615/products/Screenshot_437_grande.png?', 6),
(57, 'The Elf Nano-White Gel', 1200, 0, 'PRODUCT DETAIL\r\n  Nano White Gel, the best skin nourishing gel , and supreme whitening.\r\n  Concentrated gel to help IMPROVE dark skin and accumulated dry skin.To be bright, clear, smooth, healthy\r\n  With premium extracts Imported from Switzerland Nano-small molecules Nourishing the skin deeply\r\n  Supuer anti-oxidant to keep skin youthful\r\n  Inhibit melanin that cause of darken and dull skin.\r\n  Restore Refresh skin ,keep moisturizing all day\r\n  Anti aging and \r\n  Reduce dark spot  , \r\n  Improve skin tone \r\n  Skin smooth and soft\r\n  \r\nINGREDIENT\r\n  NANO WHITE \r\n  RED ALGAE\r\n  JAPAN CUCUMBER\r\n  ALOE VERA\r\n  STRAWBERRY EXTRACT\r\n  RASPBERRY EXTRACT\r\n  TOMATO\r\n  CHERRY\r\n  VITAMIN B3.', 0, 'https://i.ebayimg.com/images/g/hHwAAOSwqzFdvS12/s-l400.jpg', 6),
(58, 'Cathy Doll White Milk Shine Lotion', 1200, 0, 'White Milk Shine Body Lotion provides intensive fresh milk-like texture that instantly penetrates into the skin. Nourish skin deeply into the cellular level with the property from Milk Protein and White Strawberry that are rich in minerals and various vitamins. It helps to brighten the skin like a white strawberry texture that can lighten the color by itself until it turns into a white color appearance with the natural mechanism. Moreover, it helps neutralize dry skin to become smooth to the touch while bringing out a naturally bright appearance at the same time.', 0, 'https://beautyliven.com/148-thickbox_default/cathy-doll-white-milk-shine-lotion.jpg', 6);
INSERT INTO `product` (`productId`, `productName`, `price`, `discount`, `description`, `productClicks`, `productImage`, `categoryId`) VALUES
(59, 'Baby Bright Glutathione & Vit C Lotion', 750, 0, 'Caviar extract, this lotion helps protect your complexion from wrinkles and blemishes.\r\nFurthermore, Ginseng mix is well-suited to stimulate peeling. Coupled\r\nwith the sweet fragrance from flowers, your mind will be refreshed for the day.', 0, 'https://www.maruaygroup.com/wp-content/uploads/2018/01/BABY-BRIGHT-GLUTATHIONE-VIT-C-LOTION.....png', 6),
(60, 'Boots Cucumber & Aloe Lotion', 850, 0, 'Boots Essentials Cucumber Moisturising Lotion is enriched with soothing cucumber and vitamins.This gentle moisturiser works to hydrate skin while UV filters and antioxidants help protect skin from environmental damage.', 0, 'https://shop.shajgoj.com/wp-content/uploads/2018/05/Boots-Cucumber-Moisturising-Lotion-570x570.jpg', 6),
(61, 'Alada Lotion', 1500, 0, 'ALADA Lotion is a popular soap in Thailand. It promises to remove acne, freckles and pimples. ALADA also have a good effect for nourishing & moisturizing your skin - for clearer and fine skin complexion. It can also whiten your skin and keeps it smooth and young looking. ALADA lotion is made of 100% natural ingredients: Carambola Nano Extract White Ginger Extract Synthetic Collagen IV Algae Extract Final Tips: Use it not just in your face but in your whole body daily during bath time. Leave it for 2-5 minutes so it really soothes in your skin. You may wash your face with ALADA soap 3x a day. Lightening of your skin may be seen within a week or days only after first application. Continue using ALADA lotion as your bath-buddy for at least 2 months to see most visible result.', 0, 'https://static-01.daraz.com.bd/p/5e811ece837ee174a15d3063860e9a88.jpg_340x340q80.jpg_.webp', 6),
(62, 'Marica Aura Body Toner', 650, 0, 'Help to remove black stains, black spot.. This contains Manuka Honey which helps to remove the stain on your skin, nourishing the skin before showering like having a skin spa. To soften, moisture and brighten the skin.', 0, 'https://s3-ap-southeast-1.amazonaws.com/media.evaly.com.bd/media/images/47de569bfbda-marika-body-aura-toner.jpg', 6),
(63, 'Rose Smoothie Body Scrub', 1500, 10, 'Roses will leave your skin soft smooth and supple as they have a natural astringent effect on skin. Rose petals will tighten skin and shrink large pores, keeping skin fresh and toned.', 0, 'https://scontent.fdac5-1.fna.fbcdn.net/v/t1.0-9/70745130_1128928813977825_2187929694328848384_n.jpg?_nc_cat=105&_nc_sid=8bfeb9&_nc_eui2=AeEn3n56mMamA8PQyWToOzjeEaWVVI-0SmcRpZVUj7RKZ61nk2P7gHirVGzD3lMA1xK7ugWq3m4J14hKFuKDG1CA&_nc_ohc=e_mRj_KWiR4AX_kMm5f&_nc_ht=scontent.fdac5-1.fna&oh=e726eaf59312571b65a532ddd43944e1&oe=5F764516', 6),
(64, 'Baby Bright Glutathione & Vit C Shower Lotion', 1200, 0, 'Have a pleasant bath experience with 2-in-1 shower lotion.\r\n\r\nGlutathione and Vitamin C content is believed to brighten your skin that fully absorbs and nourishes the skin.\r\n\r\nThis special formula contains features that make your skin brighter 8-levels.\r\n\r\nThe 2 in 1 function as a Shower (soap bath) and lotion (moisturizer) that blends produce bright skin.\r\n\r\nYou no longer need to use any lotion after bathing.', 0, 'https://lh3.googleusercontent.com/proxy/zw4WUG8hnQwsEzOTyMlYnW2NGWBWFtlk3MiQq3tydatDioK3xTqOWJqZa3dCpZU8E6Vv12kmujhbDhK3JbM0ggrNtpI_XsoByoJRXz0qKkBBH3iJRh5jR-_yOTCoUgWWIF8T8oG51jA', 6),
(65, 'Cathy Doll Ready 2 White', 1200, 20, 'Key features\n\nWhitening and brightening reduce the appearance of dark spots with the value of mulberry extract, vitamin C\nMoisturizing solve skin dryness with glecerin, aloe extract and camellia sinesis leaf extract\nAnti-Wrinkle with punica extract and adenosine, known as super antioxidant helping slow down the aging skin\nSpecifications\n\nAmazing whitening result\nPretty and cute packaging\nEasy to bring even tho it contains 150ml\nDoesn\'t feel sticky\nEasy to blend on the skin\nSmells good', 0, 'https://images-na.ssl-images-amazon.com/images/I/519Cn2Wd2KL._SL1200_.jpg', 6),
(66, 'Boots Vitamin C Brightening & toning Water', 1200, 0, 'Boots Vitamin C Brightening & Toning Water is an alcohol-free formulation to cleanse and softer skin. Contains Vitamin C derivatives to give enhanced whitening effects, Witch Hazel Extract to help refine and tighten pores and Aloe Vera Extract to moisturise.', 0, 'https://images-na.ssl-images-amazon.com/images/I/31kX7p3szfL._SY355_.jpg', 5),
(67, 'Boots Vitamin C Intensive Night Cream', 1600, 0, 'Boots Vitamin C Intensive Night Cream energises your skin overnight and helps improve the appearance of fine lines and wrinkles.', 0, 'https://images.yaoota.com/qtf2C8vN7VVirbRDr6v8EBOsdLQ=/trim/yaootaweb-production-ng/media/crawledproductimages/c666736768751680400df60700b706400ef054ba.jpg', 3),
(68, 'Boots Vitamin C Brightening Cleansing Gel', 950, 0, 'Boots vitamin C cleansing gel promises to give you brighter looking skin in 14 days.\r\nThis Vitamin C cleansing gel helps to cleanse deeply and to reduce excess oil without over-drying the skin.\r\nWith added Vitamin C and YUZU extract this cleansing gel is suitable for all skin types.', 0, 'https://images-na.ssl-images-amazon.com/images/I/31uh%2BsFoz5L._SY355_.jpg', 2),
(69, 'Namu Life Snail White Body Booster', 2800, 0, 'Snailwhite body booster The luxurious Body booster delivers whitening and anti-aging power effects, by renewing and smoothening the appearance of fine lines & wrinkles, diminishing dark spots and uneven skin tone. High performance skincare technology (natural ingredients) continuously provides all-day hydration to replenish and protect natural moisture reserves. And a potent infusion of the nutrient-rich of Snail secretion, heart of Snailwhite profound power of transportation leaves your skin noticeable radiant and younger. For all skin type.\r\n\r\nIngredients: Deionized Water, Snail Secretion Filtrate, Niacinamide, Butyrospermum Parkii (Shea Butter), Caprylic/Capric Triglyceride, Glycerine, Pentylene Glycol, Cyclopentasiloxane, Butylene Glycol, 2-Phenoxyethanol, Sodium Carrageenan, Cl 7789, Centella Asiatica Extract, Fragaria Vesca Fruit Extract, Morus Nigra Fruit Extract, Rubus idaeus Extract, Prunus Avium Extract, Sodium Stearoyl, Glutamate, Sodium Polyacrylate, Zingiber Officinale Root Extract, Bisabolol, Ceramide 3, Carbomer,XANTHAN GUM, Disodium EDTA, Dipotassium Glycyrrhizate, Chlorphenesin, Triethanolamine, Lavandula Stoechas Extract, PEG-90M, Astaxanthin', 0, 'https://d2pa5gi5n2e1an.cloudfront.net/webp/global/images/product/beauty/NAMU_LIFE_SNAILWHITE_Body_Booster/NAMU_LIFE_SNAILWHITE_Body_Booster_L_1.jpg', 5),
(70, 'Namu Life Snail White Body Booster S.P.F cc', 2000, 0, 'An ultra-lightweight and oil-free CC cream to protect skin against harmful rays.\r\n•	Boosts skin\r\n•	Protects against UVA/UVB rays, pollution and free radical damage\r\n•	Conceals dark spots and redness for flawless coverage\r\n•	Sweeps away dull surface cells for instantly glowing skin\r\n•	Packed with the intensive nourishment of snail secretion filtrate and Alps Edelweisse flower extract\r\n•	Provides natural radiance for a photo-ready look', 0, 'https://cf.shopee.ph/file/514e52d8dd82c0dd50d97ce47233663f_tn', 5),
(71, 'Namu Life Snail White Sun Screen', 3500, 20, 'A highly effective sunscreen lotion that provides SPF50+/PA++++ protection and leaves your skin radiant, firm, and younger looking.', 0, 'https://d2pa5gi5n2e1an.cloudfront.net/global/images/product/beauty/NAMU_LIFE_SNAILWHITE_Sunscreen/NAMU_LIFE_SNAILWHITE_Sunscreen_L_1.jpg', 3),
(72, 'Some By Mi Yuja Niacin Toner', 1500, 0, 'Key benefits\r\n\r\nContains 90% of Yuja extract to nourish and moisturise skin\r\nWith 5% of Niacinamide to brightens dull skin and ease off blemishes and freckles\r\nBrightens up skin with Glutathione and Arbutin to create a healthy radiance\r\nRevitalises irritated skin with 12 kinds of Vitamins and Lotus flower extract\r\nNet weight 150ml', 0, 'https://www.cellsii.com/images/detailed/22/Some-By-Mi-Yuja-Niacin-Brightening-Toner-Price-in-bangladesh.jpg1.jpg', 5),
(73, 'Some By Mi Snail True Toner', 1500, 0, 'A dual functional product: Whitening + Anti-wrinkle.\r\nThe Truecica™ soothes skin and strengthen skin barrier.\r\nRepairs skin with Black Snail Extract to heal damaged skin.\r\nOffers acne spot care to erase skin pigmentation and stop melanin production.', 0, 'https://shop.shajgoj.com/wp-content/uploads/2020/01/Some-By-Mi-Snail-Truecica-Miracle-Repair-Toner-135ml1.jpg', 5),
(74, 'Kojic Toner', 1500, 0, 'Kojie-San Cleanser + Toner Dual Action - (100ml) A Light solution derived from a blend of natural ingredients that cleanses, moisturize and revives tired skin. This 2-1 formula helpds rid the skin excessive oil, prevents wrinkles, reduces blemishes, and repair dry damage skin. Its potent formulation leaves skin with a soft and smooth after fee. Direction for Use: Moisten a cotton or pad with toner and gently smooth over cleansed face morning and evening. For best result, follow -up kojie-san face cream.', 0, 'https://images-na.ssl-images-amazon.com/images/I/810wBJ2xw4L._SL1500_.jpg', 5),
(75, 'Fragen Collagen', 1200, 0, 'The skin looks white, clear, healthy.\r\nReduce freckles, dark spots on the body and on the face.\r\nNourish the nails to make hair stronger\r\nHelps solve acne problems Helps reduce wrinkles\r\nNourishes the skin to deteriorate While protecting the skin from the sun\r\nFrozen Collagen Gluta 2 in 1 Frozen Collagen Glutathione (60 capsules) Supplements for skin whitening, reduce wrinkles, skin bounce, juicy water property', 0, 'https://images-na.ssl-images-amazon.com/images/I/616j1wpxeXL._AC_SL1080_.jpg', 7),
(76, 'Calla Vitamin C plus', 1200, 0, 'Calla C Plus Collagen Plus Vitamin C Supplement Collagen \r\n- Skin appears radiant.\r\n- Skin tighten\r\n- Reduce wrinkles look younger.\r\n- Saturated skin\r\n- Reduce freckles, freckles.\r\n- Reduce inflammation, reduce wrinkles.\r', 0, 'https://i.ebayimg.com/images/g/MEcAAOSwa3lcIIx6/s-l400.jpg', 7),
(77, 'Ymiko Collagen', 1500, 0, 'Yumiko Collagen is a 100% pure Collagen Tripeptide Powder premium grade imported from Japan. It is extracted from deep sea fish with a small molecule collagen that can be absorbed instantly without digestion. Therefore, the results are better and faster than other collagen.', 0, 'https://www.thaibestsellers.com/wp-content/uploads/2020/07/Yumiko-Collagen1.jpg', 7),
(78, 'Gluta 200000', 650, 0, 'L-Glutathione Complex Relumins Advance Nutrition Is Proud To Present A New Oral Glutathione This Capsule Gives A Sustained Increase In Serum Glutathione To Provide A Wide Range Of Health Benefits. Raising Serum Glutathione Is The Ultimate Measure Of A Glutathione Supplement\'s Efficacy Because It Represents System-Wide Glutathione Levels.', 0, 'https://images-na.ssl-images-amazon.com/images/I/5109WxY%2B4jL.jpg', 7),
(79, 'Colla Zinc Plus C', 1000, 0, 'COLLA Zinc Plus C is the genuine collagen imported from Japan. It contains no powder and sugar, so you get the benefits of pure collagen effectively. It is easy to drink, not fishy, and helps replace collagen in bones, skin, tendons, muscles, and vascular wall for strong nails, hair, and bones, and youthful-looking skin.\n', 0, 'https://beautyliven.com/1080-large_default/colla-zinc-plus-c.jpg', 7),
(80, 'Chalia Calla Gluta with C', 1200, 0, 'Chaba Colla Gluta With C...\r\nCollagen + Glutathione + Vitamin C powder ... (active ingredients from Japan)\r\nBest For Whitening \r\nAnti ageing \r\nFlawless Younger Looking skin\r\nNo Added Sugar + 0% Fat', 0, 'https://i.pinimg.com/originals/e3/0e/17/e30e1716cda63cef014ab359dbb3fb19.jpg', 7),
(81, 'Saikono Collagen', 1500, 0, 'Saikono Collagen 15,000 mg is the dietary supplement to nourish skin to be soft, moisturized, and glowing deeply to the inner skin layer. It treats dull and deteriorated skin, and dark circles due to late sleep, revealing clearer skin than ever. It has been researched to be the best formula with the well-selected high-quality ingredients in every sachet. It has been processed through the VIQUA process with a special planting method to obtain the good quality extracts.', 0, 'https://www.thaibestsellers.com/wp-content/uploads/2019/08/Saikono-Collagen9.jpg', 7);

-- --------------------------------------------------------

--
-- Table structure for table `uniqueuser`
--

CREATE TABLE `uniqueuser` (
  `id` int(11) NOT NULL,
  `time` text NOT NULL DEFAULT current_timestamp()
) ENGINE=InnoDB DEFAULT CHARSET=utf8mb4;

--
-- Dumping data for table `uniqueuser`
--

INSERT INTO `uniqueuser` (`id`, `time`) VALUES
(6, '03 September 2020, 04:35:56 PM'),
(7, '03 September 2020, 04:38:20 PM'),
(8, '03 September 2020, 05:08:47 PM');

--
-- Indexes for dumped tables
--

--
-- Indexes for table `category`
--
ALTER TABLE `category`
  ADD PRIMARY KEY (`category_id`);

--
-- Indexes for table `product`
--
ALTER TABLE `product`
  ADD PRIMARY KEY (`productId`);

--
-- Indexes for table `uniqueuser`
--
ALTER TABLE `uniqueuser`
  ADD PRIMARY KEY (`id`);

--
-- AUTO_INCREMENT for dumped tables
--

--
-- AUTO_INCREMENT for table `category`
--
ALTER TABLE `category`
  MODIFY `category_id` int(20) NOT NULL AUTO_INCREMENT, AUTO_INCREMENT=20;

--
-- AUTO_INCREMENT for table `product`
--
ALTER TABLE `product`
  MODIFY `productId` int(20) NOT NULL AUTO_INCREMENT, AUTO_INCREMENT=225;

--
-- AUTO_INCREMENT for table `uniqueuser`
--
ALTER TABLE `uniqueuser`
  MODIFY `id` int(11) NOT NULL AUTO_INCREMENT, AUTO_INCREMENT=9;
COMMIT;

/*!40101 SET CHARACTER_SET_CLIENT=@OLD_CHARACTER_SET_CLIENT */;
/*!40101 SET CHARACTER_SET_RESULTS=@OLD_CHARACTER_SET_RESULTS */;
/*!40101 SET COLLATION_CONNECTION=@OLD_COLLATION_CONNECTION */;
